<?xml version="1.0" encoding="utf-8"?>
<Defs>
<!-- base (more info: https://github.com/Outpost-21/Tabula-Rasa/wiki/In-Game-Updates): 
	<TabulaRasa.UpdateDef>
		<defName>CHTechCore_"yyyymmdd"</defName>
		<date>yyyy/mm/dd</date>
		<banner />
		<contentList>
			<li>
				<header>Header</header>
				<text>text
text2</text>
			</li>
		</contentList>
		<links>
			<li>
				<linkLabel>Steam Workshop</linkLabel>
				<linkUrl>https://steamcommunity.com/sharedfiles/filedetails/?id=3097014712</linkUrl>
				<linkTex>TabulaRasa/UI/Steam</linkTex>
			</li>
			<li>
				<linkLabel>GitHub</linkLabel>
				<linkUrl>https://github.com/CHTechIndustries/CHTechIndustries-Rimworld-Core</linkUrl>
				<linkTex>TabulaRasa/UI/GitHub</linkTex>
			</li>
		</links>
	</TabulaRasa.UpdateDef>

notes: 
1. if multiple updates in same day, end with an "_x", where "x" is the number of releases it is from that day (so if there are 3 releases, it will be "date_1", "date_2", and "date_3"
2. if multiple lines in single text, to /n
-->

<!-- version 0.0.0 -->
	<TabulaRasa.UpdateDef>
		<defName>CHTech_GeS_log_20240209</defName>
		<date>2024/02/09</date>
		<banner />
		<contentList>
			<li>
				<header>Placeholder</header>
				<text>Uploaded nothing, just as a placeholder</text>
			</li>
		</contentList>
		<links>
			<li>
				<linkLabel>Steam Workshop</linkLabel>
				<linkUrl>https://steamcommunity.com/sharedfiles/filedetails/?id=3157412469</linkUrl>
				<linkTex>TabulaRasa/UI/Steam</linkTex>
			</li>
			<li>
				<linkLabel>GitHub</linkLabel>
				<linkUrl>https://github.com/CHTechIndustries/Gestalt-Engine-Scenario</linkUrl>
				<linkTex>TabulaRasa/UI/GitHub</linkTex>
			</li>
		</links>
	</TabulaRasa.UpdateDef>
 <!-- 0.0.1 -->
	<TabulaRasa.UpdateDef>
		<defName>CHTech_GeS_log_20240217</defName>
		<date>2024/02/17</date>
		<banner />
		<contentList>
			<li>
				<header>Version 0.0.1</header>
				<text>Added in the scenario someone made as a prototype
Updated description with credits
Made mod require Vanometric Generater, to provide a more thematic power source for the scenario!
Uploaded public, as an extreme alpha</text>
			</li>
		</contentList>
		<links>
			<li>
				<linkLabel>Steam Workshop</linkLabel>
				<linkUrl>https://steamcommunity.com/sharedfiles/filedetails/?id=3157412469</linkUrl>
				<linkTex>TabulaRasa/UI/Steam</linkTex>
			</li>
			<li>
				<linkLabel>GitHub</linkLabel>
				<linkUrl>https://github.com/CHTechIndustries/Gestalt-Engine-Scenario</linkUrl>
				<linkTex>TabulaRasa/UI/GitHub</linkTex>
			</li>
		</links>
	</TabulaRasa.UpdateDef>
<!-- 0.0.2 -->
	<TabulaRasa.UpdateDef>
		<defName>CHTech_GeS_log_20240324</defName>
		<date>2024/03/24</date>
		<banner />
		<contentList>
			<li>
				<header>Version 0.0.3</header>
				<text>changed ID
changed the core mod's ID to it's new ID</text>
			</li>
		</contentList>
		<links>
			<li>
				<linkLabel>Steam Workshop</linkLabel>
				<linkUrl>https://steamcommunity.com/sharedfiles/filedetails/?id=3157412469</linkUrl>
				<linkTex>TabulaRasa/UI/Steam</linkTex>
			</li>
			<li>
				<linkLabel>GitHub</linkLabel>
				<linkUrl>https://github.com/CHTechIndustries/Gestalt-Engine-Scenario</linkUrl>
				<linkTex>TabulaRasa/UI/GitHub</linkTex>
			</li>
		</links>
	</TabulaRasa.UpdateDef>
<!-- 0.0.3 -->
	<TabulaRasa.UpdateDef>
		<defName>CHTech_GeS_log_20240412</defName>
		<date>2024/04/12</date>
		<banner />
		<contentList>
			<li>
				<header>Version 0.0.4</header>
				<text>made unlisted, so it can be tested by others, but people won't find it
updated mod to 1.5 (not all the requirents are updated, but they will be soon)
altered a few ID's (so 1.4 and 1.5 aren't compatible, srry)
added common folder
deleted empty placeholders in 1.4
</text>
			</li>
		</contentList>
		<links>
			<li>
				<linkLabel>Steam Workshop</linkLabel>
				<linkUrl>https://steamcommunity.com/sharedfiles/filedetails/?id=3157412469</linkUrl>
				<linkTex>TabulaRasa/UI/Steam</linkTex>
			</li>
			<li>
				<linkLabel>GitHub</linkLabel>
				<linkUrl>https://github.com/CHTechIndustries/Gestalt-Engine-Scenario</linkUrl>
				<linkTex>TabulaRasa/UI/GitHub</linkTex>
			</li>
		</links>
	</TabulaRasa.UpdateDef>
<!-- 0.0.4 -->
	<TabulaRasa.UpdateDef>
		<defName>CHTech_GeS_log_20240516</defName>
		<date>2024/05/16</date>
		<banner />
		<contentList>
			<li>
				<header>Version 0.0.4</header>
				<text>Fixed common folder file structure
added tabula rasa based changelog
</text>
			</li>
		</contentList>
		<links>
			<li>
				<linkLabel>Steam Workshop</linkLabel>
				<linkUrl>https://steamcommunity.com/sharedfiles/filedetails/?id=3157412469</linkUrl>
				<linkTex>TabulaRasa/UI/Steam</linkTex>
			</li>
			<li>
				<linkLabel>GitHub</linkLabel>
				<linkUrl>https://github.com/CHTechIndustries/Gestalt-Engine-Scenario/releases/tag/0.0.4</linkUrl>
				<linkTex>TabulaRasa/UI/GitHub</linkTex>
			</li>
		</links>
	</TabulaRasa.UpdateDef>
<!-- 0.1.0 -->
	<TabulaRasa.UpdateDef>
		<defName>CHTech_GeS_log_20240706</defName>
		<date>2024/07/06</date>
		<banner />
		<contentList>
			<li>
				<header>Matriarchs</header>
				<text>Added in a patch that (should) allow the matriarch mech to research. I hope. Maybe. Possibly. Perhaps.
</text>
			</li>
			<li>
				<header>Steam Description/ Changelog</header>
				<text>update steam description
add progress list
use new github link method
</text>
			</li>
			<li>
				<header>Progress</header>
				<text>Holography: 0%
Gestalt Engine Avatar: 0%
Subcore Production: 8%
Research: 39%
Scenarios: 3%
				</text>
			</li>
		</contentList>
		<links>
			<li>
				<linkLabel>Steam Workshop</linkLabel>
				<linkUrl>https://steamcommunity.com/sharedfiles/filedetails/?id=3157412469</linkUrl>
				<linkTex>TabulaRasa/UI/Steam</linkTex>
			</li>
			<li>
				<linkLabel>GitHub</linkLabel>
				<linkUrl>https://github.com/CHTechIndustries/Gestalt-Engine-Scenario/releases/tag/0.1.0</linkUrl>
				<linkTex>TabulaRasa/UI/GitHub</linkTex>
			</li>
		</links>
	</TabulaRasa.UpdateDef>
	<!-- 1.0.0 -->
	<TabulaRasa.UpdateDef>
		<defName>CHTech_GeS_log_20240823</defName>
		<date>2024/08/23</date>
		<banner />
		<contentList>
			<li>
				<header>Reqriments</header>
				<text>Change the source of power, hopefully also will bypass solar flares.
</text>
			</li>
			<li>
				<header>Steam Description/ Changelog</header>
				<text>update steam description
use new github link method
</text>
			</li>
			<li>
				<header>Progress</header>
				<text>Temporarilly made n/a as this mod is now, for the moment, back to being only for the (future) scenarios. Some other extras to aid in it will come, but not at this moment.
Start work on icons and begining scenario. Possibly, this might be finished within a week (proceeds to take 5 months)
				</text>
			</li>
		</contentList>
		<links>
			<li>
				<linkLabel>Steam Workshop</linkLabel>
				<linkUrl>https://steamcommunity.com/sharedfiles/filedetails/?id=3157412469</linkUrl>
				<linkTex>TabulaRasa/UI/Steam</linkTex>
			</li>
			<li>
				<linkLabel>GitHub</linkLabel>
				<linkUrl>https://github.com/CHTechIndustries/Gestalt-Engine-Scenario/releases/tag/v0.9.0</linkUrl>
				<linkTex>TabulaRasa/UI/GitHub</linkTex>
			</li>
		</links>
	</TabulaRasa.UpdateDef>
	<!-- 0.9.1 -->
	<TabulaRasa.UpdateDef>
		<defName>CHTech_GeS_log_20250526</defName>
		<date>2025/05/26</date>
		<banner />
		<contentList>
			<li>
				<header>Gestalt Engine Continued</header>
				<text>Now requires Gestalt Engine Continued, as the original one is depracated</text>
			</li>
		</contentList>
		<links>
			<li>
				<linkLabel>Steam Workshop</linkLabel>
				<linkUrl>https://steamcommunity.com/sharedfiles/filedetails/?id=3097014712</linkUrl>
				<linkTex>TabulaRasa/UI/Steam</linkTex>
			</li>
			<li>
				<linkLabel>GitHub</linkLabel>
				<linkUrl>https://github.com/CHTechIndustries/Gestalt-Engine-Scenario/releases/tag/v0.9.1</linkUrl>
				<linkTex>TabulaRasa/UI/GitHub</linkTex>
			</li>
		</links>
	</TabulaRasa.UpdateDef>
<!-- 0.9.2 -->
	<TabulaRasa.UpdateDef>
		<defName>CHTech_GeS_log_20250526_2</defName>
		<date>2025/05/26</date>
		<banner />
		<contentList>
			<li>
				<header>Reinforced Mechanoids 2</header>
				<text>Changed to reinforced mechanoids 2, as it is, well, better. Also added the change log which I had forgotten</text>
			</li>
		</contentList>
		<links>
			<li>
				<linkLabel>Steam Workshop</linkLabel>
				<linkUrl>https://steamcommunity.com/sharedfiles/filedetails/?id=3097014712</linkUrl>
				<linkTex>TabulaRasa/UI/Steam</linkTex>
			</li>
			<li>
				<linkLabel>GitHub</linkLabel>
				<linkUrl>https://github.com/CHTechIndustries/Gestalt-Engine-Scenario/releases/tag/v0.9.2</linkUrl>
				<linkTex>TabulaRasa/UI/GitHub</linkTex>
			</li>
		</links>
	</TabulaRasa.UpdateDef>
	<!-- 0.9.3 -->
	<TabulaRasa.UpdateDef>
		<defName>CHTech_GeS_log_202507201</defName>
		<date>2025/07/01</date>
		<banner />
		<contentList>
			<li>
				<header>Fix Links</header>
				<text>Went and fixed some links I had mistyped</text>
			</li>
		</contentList>
		<links>
			<li>
				<linkLabel>Steam Workshop</linkLabel>
				<linkUrl>https://steamcommunity.com/sharedfiles/filedetails/?id=3097014712</linkUrl>
				<linkTex>TabulaRasa/UI/Steam</linkTex>
			</li>
			<li>
				<linkLabel>GitHub</linkLabel>
				<linkUrl>https://github.com/CHTechIndustries/Gestalt-Engine-Scenario/releases/tag/v0.9.3</linkUrl>
				<linkTex>TabulaRasa/UI/GitHub</linkTex>
			</li>
		</links>
	</TabulaRasa.UpdateDef>
	<!-- 0.10.0 -->
		<TabulaRasa.UpdateDef>
		<defName>CHTech_GeS_log_20250701_2</defName>
		<date>2025/07/01</date>
		<banner />
		<contentList>
			<li>
				<header>Disable some requirments</header>
				<text>disabled some of the requirments. More specificly, disabled Extricate my Ship, as that requires Save our Ship 2. And with the newest DLC, I have no idea what will happen</text>
			</li>
		</contentList>
		<links>
			<li>
				<linkLabel>Steam Workshop</linkLabel>
				<linkUrl>https://steamcommunity.com/sharedfiles/filedetails/?id=3097014712</linkUrl>
				<linkTex>TabulaRasa/UI/Steam</linkTex>
			</li>
			<li>
				<linkLabel>GitHub</linkLabel>
				<linkUrl>https://github.com/CHTechIndustries/Gestalt-Engine-Scenario/releases/tag/v0.10.0</linkUrl>
				<linkTex>TabulaRasa/UI/GitHub</linkTex>
			</li>
		</links>
	</TabulaRasa.UpdateDef>
		<!-- 0.10.1 -->
		<TabulaRasa.UpdateDef>
		<defName>CHTech_GeS_log_20250701_3</defName>
		<date>2025/07/01</date>
		<banner />
		<contentList>
			<li>
				<header>Fix About file</header>
				<text>corrected some errors in the typing of the about file. Correct, lots. Most of them appear to be redundant, the main issue was an insidius, missing forward slash</text>
			</li>
		</contentList>
		<links>
			<li>
				<linkLabel>Steam Workshop</linkLabel>
				<linkUrl>https://steamcommunity.com/sharedfiles/filedetails/?id=3097014712</linkUrl>
				<linkTex>TabulaRasa/UI/Steam</linkTex>
			</li>
			<li>
				<linkLabel>GitHub</linkLabel>
				<linkUrl>https://github.com/CHTechIndustries/Gestalt-Engine-Scenario/releases/tag/v0.10.1</linkUrl>
				<linkTex>TabulaRasa/UI/GitHub</linkTex>
			</li>
		</links>
	</TabulaRasa.UpdateDef>
</Defs>