﻿<?xml version="1.0" encoding="utf-8"?>
<Defs>
  <XenotypeDef>
    <defName>TdT_ExpandedXenos_ArchiLabor</defName>
    <label>Archi-Labor</label>
    <description>The Archi-Labor Xeno was made in a bygone age by some archotechs as a nearly-mindless weapon/ tool. Able to carry immense loads, and move quick quickly, for getting materials between point "a" and "b" is quite useful! They can't wear clothes nor armour, as it impeeds their movment so much the capability to wear them was removed for convinience, but they are so resistant to damage it doesn't matter. While they technically need to eat, they eat only every few weeks, and can store massive amounts of food in their body. They don't need to sleep, and constantly reproduce asexually. They can't care for their young, but they age so fast it's debateable if that matters. They live surprisingly long, even with an unstable genome. They can't weild weapons, but their hands and teeth are better than any weapon. They can utilize countless abilities to assist them in combat and normal day-to-day, and shoot with immense accuracy. Do not get on their commanders bad side!</description>
    <descriptionShort>The Archi-Labor Xeno was made in a bygone age for the sole porpuse of carrying things and combat.
</descriptionShort>
    <iconPath>UI/Icons/Xenotypes/Custom/Baseliner_2</iconPath>
    <inheritable>true</inheritable>
    <genes>
      <li>AG_AsexualFission</li>
      <li>AG_Foodless</li>
      <li>BS_JotunArchiteMetabolism</li>
      <li>TotalHealing</li>
      <li>BS_Deathlike</li>
      <li>AG_Mood_Unfeeling</li>
      <li>AG_Regeneration</li>
      <li>AG_HeatImmunity</li>
      <li>AG_ColdImmunity</li>
      <li>TitanFrame</li>
      <li>EBSG_MajorGeneticStreamlining</li>
      <li>BS_CannotWearClothingOrArmor</li>
      <li>Gigantism</li>
      <li>BTE_FeralMight</li>
      <li>AcidSpray</li>
      <li>AG_AcidicDetonation</li>
      <li>AnimalWarcall</li>
      <li>AG_Detonation</li>
      <li>AG_Zap</li>
      <li>FireSpew</li>
      <li>FoamSpray</li>
      <li>BS_FoamSpray</li>
      <li>AG_GreaterAcidicVomit</li>
      <li>AG_GreaterFireSpew</li>
      <li>AG_InsanityBlast</li>
      <li>AG_InsectRally</li>
      <li>AG_PetrifyingGaze</li>
      <li>AG_Invisibility</li>
      <li>AG_Spinnerets</li>
      <li>BS_StickyAcidSpray</li>
      <li>AG_NoRaidPresence</li>
      <li>AG_WaterBlood</li>
      <li>AG_PukeWater</li>
      <li>AG_BlueGelProduction</li>
      <li>AG_InsectJellyProduction</li>
      <li>EBSG_MajorArchiteHemogenRecovery</li>
      <li>Hemogenic</li>
      <li>Coagulate</li>
      <li>LongjumpLegs</li>
      <li>PiercingSpine</li>
      <li>EBSG_CavernousStomach</li>
      <li>EBSG_ArchiteDigestion</li>
      <li>AG_EfficientMandibles</li>
      <li>EBSG_StrongArchiteMetabolism</li>
      <li>AG_TableResistance</li>
      <li>Immunity_SuperWeak</li>
      <li>EBSG_MajorArchiteWoundHealing</li>
      <li>EBSG_ExtremeHemophilia</li>
      <li>AG_LungRotStrength</li>
      <li>AG_Clean</li>
      <li>EBSG_ExtremelyFastAging</li>
      <li>EBSG_VeryFastAging_Child</li>
      <li>Instability_Hyper</li>
      <li>EBSG_MajorArchiteCarry</li>
      <li>EBSG_ExtremeArchiteSenses</li>
      <li>AG_FungalSkin</li>
      <li>PsychicAbility_Deaf</li>
      <li>EBSG_MajorArchiteSpeed</li>
      <li>MBSG_SuperNakedSpeed</li>
      <li>EBSG_MajorArchiteHappiness</li>
      <li>EBSG_ArchiteMentalFortitude</li>
      <li>EBSG_ArchiteToxImmunity</li>
      <li>MBSG_UVAbsorbent_Major</li>
      <li>EBSG_AcidResistance</li>
      <li>BS_UnarmedOnly</li>
      <li>BS_AnimalFriend</li>
      <li>BS_Bloodlust</li>
      <li>Aggression_DeadCalm</li>
      <li>EBSG_MajorArchiteMeleeDamage</li>
      <li>KindInstinct</li>
      <li>AG_InnerPeace</li>
      <li>EBSG_MajorArchiteEnhancedBrawler</li>
      <li>EBSG_MajorArchiteEnhancedShooter</li>
      <li>EBSG_ArchiteNeverSleep</li>
      <li>BS_AcidResistanceMid</li>
      <li>BS_Concussive_Resistance</li>
      <li>EBSG_MajorArchiteRobustness</li>
      <li>EBSG_ArchiteRelentlessness</li>
      <li>VU_Libido_None</li>
      <li>BS_NotFlirty</li>
      <li>Sterile</li>
      <li>AG_FeatheredWings</li>
      <li>AG_MothWings</li>
      <li>AG_PegasusWings</li>
      <li>AG_RainbowWings</li>
      <li>BS_DemonTail</li>
      <li>Tail_Smooth</li>
      <li>AG_DemonTail</li>
      <li>EBSG_MajorArchiteBeauty</li>
      <li>AG_Beauty_Angelic</li>
      <li>EBSG_Enchanting</li>
      <li>EBSG_MajorArchiteEnhancedTerrifying</li>
      <li>EBSG_HyperBoorish</li>
      <li>EBSG_HyperUnconvincing</li>
      <li>Balanced_Capacity_Boost_Tier_6</li>
      <li>Balanced_Capacity_Boost_Tier_1</li>
      <li>Balanced_Capacity_Boost_Tier_2</li>
      <li>Balanced_Capacity_Boost_Tier_4</li>
      <li>Eyes_Gray</li>
      <li>Hair_BaldOnly</li>
      <li>Beard_NoBeardOnly</li>
      <li>AG_AcidFangs</li>
      <li>AG_AntlerHorns</li>
      <li>AG_DemonHorns</li>
      <li>AG_EldritchHorns</li>
      <li>AG_HornCrown</li>
      <li>AG_DemonHornsQuadruple</li>
      <li>AG_SlugFace</li>
      <li>AG_ScalyBody</li>
      <li>Body_Thin</li>
      <li>Skin_LightGray</li>
      <li>EBSG_CaringIncapable</li>
      <li>EBSG_MajorArchiteEnhancedHunting</li>
      <li>EBSG_ForagingIncapable</li>
      <li>EBSG_HerdingIncapable</li>
      <li>EBSG_ConstructionIncapable</li>
      <li>EBSG_CuriosityIncapable</li>
      <li>EBSG_BurrowingIncapable</li>
      <li>BS_SlimeAttack</li>
      <li>AG_BodyTentacles</li>
      <li>AlphaGenes_ExoticOrganism</li>
      <li>BS_EVA_Gene</li>
      <li>BS_Xenolocked</li>
      <li>BS_Learning_None</li>
      <li>EBSG_Mute</li>
      <li>AG_ChameleonVision</li>
      <li>ElongatedFingers</li>
      <li>MBSG_Hairless</li>
      <li>LoS_VenomTalons</li>
      <li>BS_VerySimpleMind</li>
      <li>AptitudeInstinctive_Shooting</li>
      <li>AptitudeInstinctive_Melee</li>
      <li>AptitudeInept_Construction</li>
      <li>AptitudeInept_Mining</li>
      <li>AptitudeInept_Cooking</li>
      <li>AptitudeInept_Plants</li>
      <li>AptitudeInstinctive_Animals</li>
      <li>AptitudeInept_Crafting</li>
      <li>AptitudeInept_Artistic</li>
      <li>AptitudeInept_Medicine</li>
      <li>AptitudeInept_Social</li>
      <li>AptitudeInept_Intellectual</li>
      <li>AddictionImmune_Alcohol</li>
      <li>AddictionImmune_Ambrosia</li>
      <li>AddictionImmune_GoJuice</li>
      <li>EBSGA_GoJuiceBlood</li>
      <li>AddictionImmune_Psychite</li>
      <li>AddictionImmune_Smokeleaf</li>
      <li>AddictionImmune_WakeUp</li>
      <li>AddictionImmune_AB_PsychotropicFungus</li>
    </genes>
  </XenotypeDef>
</Defs>