﻿<?xml version="1.0" encoding="utf-8"?>
<Defs>
  <XenotypeDef>
    <defName>TdT_Ultrite</defName>
    <label>Ultrite</label>
    <description>A strange xenotype with unknown origins, created who knows when, for a long forgotten war, by an archotech who wanted to be able to send soldiers to humman infested planets, without them knowing untill it was too late</description>
    <descriptionShort>An Archite Made Super-Soldier, made for unknown reasons</descriptionShort>
    <iconPath>UI/Icons/Xenotypes/Other</iconPath>
    <inheritable>true</inheritable>
    <genes>
      <li>AG_Foodless</li>
      <li>AG_Mood_Unfeeling</li>
      <li>EBSG_MajorGeneticStreamlining</li>
      <li>AG_MechConversion</li>
      <li>AG_BandwidthIncreaseMajor</li>
      <li>AG_SummonTempBandwidth</li>
      <li>AG_IncreasedCommandRange</li>
      <li>AG_IncreasedMechRepair</li>
      <li>AG_ExpertMechRepair</li>
      <li>AlphaGenes_Animal_SummonTesseron</li>
      <li>AG_DeadlyRaidPresence</li>
      <li>AG_TarBlood</li>
      <li>AG_PukeBile</li>
      <li>EBSG_MajorArchiteHemogenRecovery</li>
      <li>HemogenRecoveryHyper</li>
      <li>HemogenRecoveryExtreme</li>
      <li>HemogenRecovery</li>
      <li>Hemogenic</li>
      <li>HemogenDrainVeryMinor</li>
      <li>HemogenDrainMinor</li>
      <li>HemogenDrainSomewhatMinor</li>
      <li>HemogenDrainNotable</li>
      <li>HemogenDrain</li>
      <li>HemogenDrainMajor</li>
      <li>HemogenDrainExtreme</li>
      <li>HemogenDrainHyper</li>
      <li>Bloodfeeder</li>
      <li>PiercingSpine</li>
      <li>EBSG_MajorArchiteHemogenGain</li>
      <li>EBSG_ArchiteDigestion</li>
      <li>EBSGA_MajorArchiteEatingSpeed</li>
      <li>EBSG_StrongArchiteMetabolism</li>
      <li>EBSG_MajorArchiteWoundHealing</li>
      <li>EBSG_MajorArchiteEnhancedBloodRecovery</li>
      <li>EBSG_ExtremeBloodClotting</li>
      <li>EBSG_MajorArchiteCarry</li>
      <li>EBSG_ExtremeArchiteSenses</li>
      <li>AG_FungalSkin</li>
      <li>EBSG_MajorArchitePsychicSensitivity</li>
      <li>EBSG_InnateMechlink</li>
      <li>EBSG_InnateRemoteShield</li>
      <li>EBSG_MajorArchiteEnhancedRemoteShield</li>
      <li>EBSG_InnateRemoteRepair</li>
      <li>EBSG_MajorArchiteEnhancedRemoteRepair</li>
      <li>EBSG_MajorArchiteEnhancedMechControl</li>
      <li>EBSG_MajorArchiteEnhancedMechForming</li>
      <li>EBSG_MajorArchiteEnhancedEncodingSpeed</li>
      <li>EBSG_MajorArchiteEnhancedMechWorkSpeed</li>
      <li>EBSG_MajorArchiteSpeed</li>
      <li>EBSG_MajorArchiteHappiness</li>
      <li>EBSG_ArchiteMentalFortitude</li>
      <li>EBSG_MajorArchiteColdTolerance</li>
      <li>EBSG_MajorArchiteHeatTolerance</li>
      <li>EBSGA_BiomeAdaptability</li>
      <li>EBSG_ElementalImmunity</li>
      <li>EBSG_ArchiteToxImmunity</li>
      <li>Aggression_DeadCalm</li>
      <li>EBSG_MajorArchiteMeleeDamage</li>
      <li>KindInstinct</li>
      <li>AG_InnerPeace</li>
      <li>EBSG_MajorArchiteEnhancedBrawler</li>
      <li>EBSG_MajorArchiteEnhancedShooter</li>
      <li>EBSG_ArchiteWakefulness</li>
      <li>EBSG_HyperFastSleeper</li>
      <li>EBSG_MajorArchiteRobustness</li>
      <li>EBSG_ArchiteRelentlessness</li>
      <li>Libido_Hyper</li>
      <li>EBSG_ArchiteFertility</li>
      <li>EBSG_MajorArchiteEnhancedGestationSpeed</li>
      <li>EBSG_AlwaysVeryFertile</li>
      <li>EBSG_MajorArchiteBeauty</li>
      <li>EBSG_ArchiteEnchantment</li>
      <li>EBSG_MajorArchiteEnhancedTerrifying</li>
      <li>EBSG_MajorArchiteEnhancedSuave</li>
      <li>EBSG_MajorArchiteEnhancedConvincing</li>
      <li>AG_Teratophilia</li>
      <li>Hair_ShortOnly</li>
      <li>Beard_NoBeardOnly</li>
      <li>Body_Standard</li>
      <li>Body_Thin</li>
      <li>Hair_SandyBlonde</li>
      <li>Hair_LightOrange</li>
      <li>Hair_ReddishBrown</li>
      <li>Hair_InkBlack</li>
      <li>EBSG_MajorArchiteEnhancedCaring</li>
      <li>EBSG_MajorArchiteEnhancedHunting</li>
      <li>EBSG_MajorArchiteEnhancedForaging</li>
      <li>EBSG_MajorArchiteEnhancedHerding</li>
      <li>EBSG_MajorArchiteEnhancedConstruction</li>
      <li>EBSG_MajorArchiteEnhancedCuriosity</li>
      <li>EBSG_MajorArchiteEnhancedBurrowing</li>
      <li>AlphaGenes_ExoticOrganism</li>
      <li>EBSG_MajorArchiteLearning</li>
      <li>EBSG_MajorArchiteCellStability</li>
      <li>Hair_Grayless</li>
      <li>MBSG_Archite_Melee</li>
      <li>MBSG_Archite_Construction</li>
      <li>MBSG_Archite_Cooking</li>
      <li>MBSG_Archite_Plants</li>
      <li>MBSG_Archite_Animals</li>
      <li>MBSG_Archite_Crafting</li>
      <li>MBSG_Archite_Artistic</li>
      <li>MBSG_Archite_Medicine</li>
      <li>MBSG_Archite_Intellectual</li>
      <li>EBSGA_LuciferiumBlood</li>
    </genes>
  </XenotypeDef>
</Defs>