<?xml version="1.0" encoding="utf-8" ?>
<Defs>
<!-- categories for RoM of magic class genes, based on the one by Touch-Nir -->
	<GeneCategoryDef>
		<defName>RoM</defName>
		<label>RoM Classes</label>
		<displayPriorityInXenotype>2</displayPriorityInXenotype>
	</GeneCategoryDef>
	<GeneCategoryDef>
		<defName>RoMKure</defName>
		<label>Kure Classes</label>
		<displayPriorityInXenotype>1</displayPriorityInXenotype>
	</GeneCategoryDef>
	 <!-- genes that are for miscilaneus mods with just a few classess -->
	<GeneCategoryDef>
		<defName>RoM-Misc</defName>
		<label>Miscilaneus Classes</label>
		<displayPriorityInXenotype>1</displayPriorityInXenotype>
	</GeneCategoryDef>
<!-- categories for RoM traits, based on the one by Bleeding Eyes McGee -->
	<GeneCategoryDef>
		<defName>RoM-Mage</defName>
		<label>RoM-Magic</label>
		<displayPriorityInXenotype>1344</displayPriorityInXenotype>
	</GeneCategoryDef>
	<GeneCategoryDef>
		<defName>RoM-Fighter</defName>
		<label>RoM-Physical</label>
		<displayPriorityInXenotype>1345</displayPriorityInXenotype>
	</GeneCategoryDef>
</Defs>